,ability_id,ability_name,Hero_name,Hero_id
3,5003,antimage_mana_break,antimage,1
4,5004,antimage_blink,antimage,1
5,5005,antimage_spell_shield,antimage,1
6,5006,antimage_mana_void,antimage,1
7,5007,axe_berserkers_call,axe,2
8,5008,axe_battle_hunger,axe,2
9,5009,axe_counter_helix,axe,2
10,5010,axe_culling_blade,axe,2
11,5011,bane_brain_sap,bane,3
12,5012,bane_enfeeble,bane,3
13,5013,bane_fiends_grip,bane,3
14,5014,bane_nightmare,bane,3
15,5015,bloodseeker_bloodrage,bloodseeker,4
16,5016,bloodseeker_blood_bath,bloodseeker,4
17,5017,bloodseeker_thirst,bloodseeker,4
18,5018,bloodseeker_rupture,bloodseeker,4
19,5019,drow_ranger_frost_arrows,drow_ranger,6
20,5020,drow_ranger_silence,drow_ranger,6
21,5021,drow_ranger_trueshot,drow_ranger,6
22,5022,drow_ranger_marksmanship,drow_ranger,6
23,5023,earthshaker_fissure,earthshaker,7
24,5024,earthshaker_enchant_totem,earthshaker,7
25,5025,earthshaker_aftershock,earthshaker,7
26,5026,earthshaker_echo_slam,earthshaker,7
27,5027,juggernaut_blade_dance,juggernaut,8
28,5028,juggernaut_blade_fury,juggernaut,8
29,5029,juggernaut_healing_ward,juggernaut,8
30,5030,juggernaut_omni_slash,juggernaut,8
31,5031,kunkka_torrent,kunkka,23
32,5032,kunkka_tidebringer,kunkka,23
33,5033,kunkka_x_marks_the_spot,kunkka,23
34,5034,kunkka_return,kunkka,23
35,5035,kunkka_ghostship,kunkka,23
36,5040,lina_dragon_slave,lina,25
37,5041,lina_light_strike_array,lina,25
38,5042,lina_fiery_soul,lina,25
39,5043,lina_laguna_blade,lina,25
40,5044,lion_impale,lion,26
41,5045,lion_voodoo,lion,26
42,5046,lion_mana_drain,lion,26
43,5047,lion_finger_of_death,lion,26
44,5048,mirana_arrow,mirana,9
45,5049,mirana_invis,mirana,9
46,5050,mirana_leap,mirana,9
47,5051,mirana_starfall,mirana,9
48,5052,morphling_waveform,morphling,10
49,5053,morphling_adaptive_strike,morphling,10
50,5054,morphling_morph,morphling,10
51,5055,morphling_morph_agi,morphling,10
52,5056,morphling_morph_str,morphling,10
53,5057,morphling_replicate,morphling,10
54,5058,morphling_morph_replicate,morphling,10
55,5059,nevermore_shadowraze1,nevermore,11
56,5060,nevermore_shadowraze2,nevermore,11
57,5061,nevermore_shadowraze3,nevermore,11
58,5062,nevermore_necromastery,nevermore,11
59,5063,nevermore_dark_lord,nevermore,11
60,5064,nevermore_requiem,nevermore,11
61,5065,phantom_lancer_spirit_lance,phantom_lancer,12
62,5066,phantom_lancer_doppelwalk,phantom_assassin,44
63,5067,phantom_lancer_juxtapose,phantom_lancer,12
64,5068,phantom_lancer_phantom_edge,phantom_assassin,44
65,5069,puck_illusory_orb,phantom_lancer,12
66,5070,puck_ethereal_jaunt,phantom_assassin,44
67,5071,puck_waning_rift,phantom_lancer,12
68,5072,puck_phase_shift,phantom_assassin,44
69,5073,puck_dream_coil,puck,13
70,5074,pudge_flesh_heap,puck,13
71,5075,pudge_meat_hook,puck,13
72,5076,pudge_rot,puck,13
73,5077,pudge_dismember,puck,13
74,5078,shadow_shaman_ether_shock,pudge,14
75,5079,shadow_shaman_voodoo,pudge,14
76,5080,shadow_shaman_shackles,pudge,14
77,5081,shadow_shaman_mass_serpent_ward,pudge,14
78,5082,razor_plasma_field,shadow_shaman,27
79,5083,razor_static_link,shadow_demon,79
80,5084,razor_unstable_current,shadow_shaman,27
81,5085,razor_eye_of_the_storm,shadow_demon,79
82,5086,skeleton_king_hellfire_blast,shadow_shaman,27
83,5087,skeleton_king_vampiric_aura,shadow_demon,79
84,5088,skeleton_king_mortal_strike,shadow_shaman,27
85,5089,skeleton_king_reincarnation,shadow_demon,79
86,5090,death_prophet_carrion_swarm,razor,15
87,5091,death_prophet_silence,razor,15
88,5092,death_prophet_witchcraft,razor,15
89,5093,death_prophet_exorcism,razor,15
90,5094,sven_storm_bolt,skeleton_king,42
91,5095,sven_great_cleave,skeleton_king,42
92,5096,sven_warcry,skeleton_king,42
93,5097,sven_gods_strength,skeleton_king,42
94,5098,storm_spirit_static_remnant,death_prophet,43
95,5099,storm_spirit_electric_vortex,death_prophet,43
96,5100,storm_spirit_overload,death_prophet,43
97,5101,storm_spirit_ball_lightning,death_prophet,43
98,5102,sandking_burrowstrike,sven,18
99,5103,sandking_sand_storm,sven,18
100,5104,sandking_caustic_finale,sven,18
101,5105,sandking_epicenter,sven,18
102,5106,tiny_avalanche,storm_spirit,17
103,5107,tiny_toss,storm_spirit,17
104,5108,tiny_craggy_exterior,storm_spirit,17
105,5109,tiny_grow,storm_spirit,17
106,5110,zuus_arc_lightning,tiny,19
107,5111,zuus_lightning_bolt,tiny,19
108,5112,zuus_static_field,tiny,19
109,5113,zuus_thundergods_wrath,tiny,19
110,5114,slardar_sprint,zuus,22
111,5115,slardar_slithereen_crush,zuus,22
112,5116,slardar_bash,zuus,22
113,5117,slardar_amplify_damage,zuus,22
114,5118,tidehunter_gush,slardar,28
115,5119,tidehunter_kraken_shell,slardar,28
116,5120,tidehunter_anchor_smash,slardar,28
117,5121,tidehunter_ravage,slardar,28
118,5122,vengefulspirit_magic_missile,tidehunter,29
119,5123,vengefulspirit_command_aura,tidehunter,29
120,5124,vengefulspirit_wave_of_terror,tidehunter,29
121,5125,vengefulspirit_nether_swap,tidehunter,29
122,5126,crystal_maiden_crystal_nova,vengefulspirit,20
123,5127,crystal_maiden_frostbite,vengefulspirit,20
124,5128,crystal_maiden_brilliance_aura,vengefulspirit,20
125,5129,crystal_maiden_freezing_field,vengefulspirit,20
126,5130,windrunner_shackleshot,crystal_maiden,5
127,5131,windrunner_powershot,crystal_maiden,5
128,5132,windrunner_windrun,crystal_maiden,5
129,5133,windrunner_focusfire,crystal_maiden,5
130,5134,lich_frost_nova,windrunner,21
131,5135,lich_frost_armor,windrunner,21
132,5136,lich_dark_ritual,windrunner,21
133,5137,lich_chain_frost,windrunner,21
134,5138,witch_doctor_paralyzing_cask,lich,31
135,5139,witch_doctor_voodoo_restoration,lich,31
136,5140,witch_doctor_maledict,lich,31
137,5141,witch_doctor_death_ward,lich,31
138,5142,riki_smoke_screen,witch_doctor,30
139,5143,riki_blink_strike,witch_doctor,30
140,5144,riki_permanent_invisibility,witch_doctor,30
141,5145,riki_tricks_of_the_trade,witch_doctor,30
142,5146,enigma_malefice,riki,32
143,5147,enigma_demonic_conversion,riki,32
144,5148,enigma_midnight_pulse,riki,32
145,5149,enigma_black_hole,riki,32
146,5150,tinker_laser,enigma,33
147,5151,tinker_heat_seeking_missile,enigma,33
148,5152,tinker_march_of_the_machines,enigma,33
149,5153,tinker_rearm,enigma,33
150,5154,sniper_shrapnel,tinker,34
151,5155,sniper_headshot,tinker,34
152,5156,sniper_take_aim,tinker,34
153,5157,sniper_assassinate,tinker,34
154,5158,necrolyte_death_pulse,sniper,35
155,5159,necrolyte_heartstopper_aura,sniper,35
156,5160,necrolyte_sadist,sniper,35
157,5161,necrolyte_reapers_scythe,sniper,35
158,5162,warlock_fatal_bonds,necrolyte,36
159,5163,warlock_shadow_word,necrolyte,36
160,5164,warlock_upheaval,necrolyte,36
161,5165,warlock_rain_of_chaos,necrolyte,36
162,5166,warlock_golem_flaming_fists,warlock,37
163,5167,warlock_golem_permanent_immolation,warlock,37
164,5168,beastmaster_wild_axes,warlock,37
165,5169,beastmaster_call_of_the_wild,warlock,37
166,5170,beastmaster_hawk_invisibility,warlock,37
167,5171,beastmaster_boar_poison,warlock,37
168,5172,beastmaster_inner_beast,beastmaster,38
169,5173,queenofpain_shadow_strike,beastmaster,38
170,5174,queenofpain_blink,beastmaster,38
171,5175,queenofpain_scream_of_pain,beastmaster,38
172,5176,queenofpain_sonic_wave,beastmaster,38
173,5177,beastmaster_primal_roar,queenofpain,39
174,5178,venomancer_venomous_gale,queenofpain,39
175,5179,venomancer_poison_sting,queenofpain,39
176,5180,venomancer_plague_ward,queenofpain,39
177,5181,venomancer_poison_nova,beastmaster,38
178,5182,faceless_void_time_walk,venomancer,40
179,5183,faceless_void_backtrack,venomancer,40
180,5184,faceless_void_time_lock,venomancer,40
181,5185,faceless_void_chronosphere,venomancer,40
182,5186,pugna_nether_blast,faceless_void,41
183,5187,pugna_decrepify,faceless_void,41
184,5188,pugna_nether_ward,faceless_void,41
185,5189,pugna_life_drain,faceless_void,41
186,5190,phantom_assassin_stifling_dagger,pugna,45
187,5191,phantom_assassin_phantom_strike,pugna,45
188,5192,phantom_assassin_blur,pugna,45
189,5193,phantom_assassin_coup_de_grace,pugna,45
190,5194,templar_assassin_refraction,phantom_lancer,12
191,5195,templar_assassin_meld,phantom_assassin,44
192,5196,templar_assassin_psi_blades,phantom_lancer,12
193,5197,templar_assassin_psionic_trap,phantom_assassin,44
194,5198,templar_assassin_trap,phantom_lancer,12
195,5199,templar_assassin_self_trap,phantom_assassin,44
196,5200,necronomicon_warrior_last_will,phantom_lancer,12
197,5201,necronomicon_warrior_sight,phantom_assassin,44
198,5202,necronomicon_warrior_mana_burn,templar_assassin,46
199,5203,necronomicon_archer_mana_burn,templar_assassin,46
200,5204,necronomicon_archer_aoe,templar_assassin,46
201,5205,courier_return_to_base,templar_assassin,46
202,5206,courier_transfer_items,templar_assassin,46
203,5207,courier_return_stash_items,templar_assassin,46
212,5218,viper_poison_attack,viper,47
213,5219,viper_nethertoxin,viper,47
214,5220,viper_corrosive_skin,viper,47
215,5221,viper_viper_strike,viper,47
216,5222,luna_lucent_beam,luna,48
217,5223,luna_moon_glaive,luna,48
218,5224,luna_lunar_blessing,luna,48
219,5225,luna_eclipse,luna,48
220,5226,dragon_knight_breathe_fire,dragon_knight,49
221,5227,dragon_knight_dragon_tail,dragon_knight,49
222,5228,dragon_knight_dragon_blood,dragon_knight,49
223,5229,dragon_knight_elder_dragon_form,dragon_knight,49
224,5232,dragon_knight_frost_breath,dragon_knight,49
225,5233,dazzle_poison_touch,dazzle,50
226,5234,dazzle_shallow_grave,dazzle,50
227,5235,dazzle_shadow_wave,dazzle,50
228,5236,dazzle_weave,dazzle,50
229,5237,rattletrap_battery_assault,rattletrap,51
230,5238,rattletrap_power_cogs,rattletrap,51
231,5239,rattletrap_rocket_flare,rattletrap,51
232,5240,rattletrap_hookshot,rattletrap,51
233,5241,leshrac_split_earth,leshrac,52
234,5242,leshrac_diabolic_edict,leshrac,52
235,5243,leshrac_lightning_storm,leshrac,52
236,5244,leshrac_pulse_nova,leshrac,52
237,5245,furion_sprout,furion,53
238,5246,furion_teleportation,furion,53
239,5247,furion_force_of_nature,furion,53
240,5248,furion_wrath_of_nature,furion,53
241,5249,life_stealer_rage,life_stealer,54
242,5250,life_stealer_feast,life_stealer,54
243,5251,life_stealer_open_wounds,life_stealer,54
244,5252,life_stealer_infest,life_stealer,54
245,5253,life_stealer_consume,life_stealer,54
246,5255,dark_seer_vacuum,dark_seer,55
247,5256,dark_seer_ion_shell,dark_seer,55
248,5257,dark_seer_surge,dark_seer,55
249,5258,dark_seer_wall_of_replica,dark_seer,55
250,5259,clinkz_strafe,clinkz,56
251,5260,clinkz_searing_arrows,clinkz,56
252,5261,clinkz_wind_walk,clinkz,56
253,5262,clinkz_death_pact,clinkz,56
254,5263,omniknight_purification,omniknight,57
255,5264,omniknight_repel,omniknight,57
256,5265,omniknight_degen_aura,omniknight,57
257,5266,omniknight_guardian_angel,omniknight,57
258,5267,enchantress_untouchable,enchantress,58
259,5268,enchantress_enchant,enchantress,58
260,5269,enchantress_natures_attendants,enchantress,58
261,5270,enchantress_impetus,enchantress,58
262,5271,huskar_inner_vitality,huskar,59
263,5272,huskar_burning_spear,huskar,59
264,5273,huskar_berserkers_blood,huskar,59
265,5274,huskar_life_break,huskar,59
266,5275,night_stalker_void,night_stalker,60
267,5276,night_stalker_crippling_fear,night_stalker,60
268,5277,night_stalker_hunter_in_the_night,night_stalker,60
269,5278,night_stalker_darkness,night_stalker,60
270,5279,broodmother_spawn_spiderlings,broodmother,61
271,5280,broodmother_spin_web,broodmother,61
272,5281,broodmother_incapacitating_bite,broodmother,61
273,5282,broodmother_insatiable_hunger,broodmother,61
274,5283,broodmother_spawn_spiderite,broodmother,61
275,5284,broodmother_poison_sting,broodmother,61
276,5285,bounty_hunter_shuriken_toss,bounty_hunter,62
277,5286,bounty_hunter_jinada,bounty_hunter,62
278,5287,bounty_hunter_wind_walk,bounty_hunter,62
279,5288,bounty_hunter_track,bounty_hunter,62
280,5289,weaver_the_swarm,weaver,63
281,5290,weaver_shukuchi,weaver,63
282,5291,weaver_geminate_attack,weaver,63
283,5292,weaver_time_lapse,weaver,63
285,5294,centaur_khan_endurance_aura,centaur,96
286,5295,centaur_khan_war_stomp,centaur,96
288,5297,jakiro_dual_breath,jakiro,64
289,5298,jakiro_ice_path,jakiro,64
290,5299,jakiro_liquid_fire,jakiro,64
291,5300,jakiro_macropyre,jakiro,64
295,5304,ogre_magi_frost_armor,ogre_magi,84
296,5305,dark_troll_warlord_ensnare,dark_seer,55
297,5306,dark_troll_warlord_raise_dead,dark_seer,55
310,5320,batrider_sticky_napalm,batrider,65
311,5321,batrider_flamebreak,batrider,65
312,5322,batrider_firefly,batrider,65
313,5323,batrider_flaming_lasso,batrider,65
318,5328,chen_penitence,chen,66
319,5329,chen_test_of_faith,chen,66
320,5330,chen_holy_persuasion,chen,66
321,5331,chen_hand_of_god,chen,66
324,5334,spectre_spectral_dagger,spectre,67
325,5335,spectre_desolate,spectre,67
326,5336,spectre_dispersion,spectre,67
327,5337,spectre_haunt,spectre,67
328,5338,spectre_reality,spectre,67
329,5339,doom_bringer_devour,doom_bringer,69
330,5340,doom_bringer_scorched_earth,doom_bringer,69
331,5341,doom_bringer_infernal_blade,doom_bringer,69
332,5342,doom_bringer_doom,doom_bringer,69
333,5343,doom_bringer_empty1,doom_bringer,69
334,5344,doom_bringer_empty2,doom_bringer,69
335,5345,ancient_apparition_cold_feet,ancient_apparition,68
336,5346,ancient_apparition_ice_vortex,ancient_apparition,68
337,5347,ancient_apparition_chilling_touch,ancient_apparition,68
338,5348,ancient_apparition_ice_blast,ancient_apparition,68
339,5349,ancient_apparition_ice_blast_release,ancient_apparition,68
342,5352,beastmaster_greater_boar_poison,beastmaster,38
343,5353,spirit_breaker_charge_of_darkness,spirit_breaker,71
344,5354,spirit_breaker_empowering_haste,spirit_breaker,71
345,5355,spirit_breaker_greater_bash,spirit_breaker,71
346,5356,spirit_breaker_nether_strike,spirit_breaker,71
347,5357,ursa_earthshock,ursa,70
348,5358,ursa_overpower,ursa,70
349,5359,ursa_fury_swipes,ursa,70
350,5360,ursa_enrage,ursa,70
351,5361,gyrocopter_rocket_barrage,gyrocopter,72
352,5362,gyrocopter_homing_missile,gyrocopter,72
353,5363,gyrocopter_flak_cannon,gyrocopter,72
354,5364,gyrocopter_call_down,gyrocopter,72
355,5365,alchemist_acid_spray,alchemist,73
356,5366,alchemist_unstable_concoction,alchemist,73
357,5367,alchemist_unstable_concoction_throw,alchemist,73
358,5368,alchemist_goblins_greed,alchemist,73
359,5369,alchemist_chemical_rage,alchemist,73
360,5370,invoker_quas,invoker,74
361,5371,invoker_wex,invoker,74
362,5372,invoker_exort,invoker,74
363,5373,invoker_empty1,invoker,74
364,5374,invoker_empty2,invoker,74
365,5375,invoker_invoke,invoker,74
366,5376,invoker_cold_snap,invoker,74
367,5377,silencer_curse_of_the_silent,silencer,75
368,5378,silencer_glaives_of_wisdom,silencer,75
369,5379,silencer_last_word,silencer,75
370,5380,silencer_global_silence,silencer,75
371,5381,invoker_ghost_walk,invoker,74
372,5382,invoker_tornado,invoker,74
373,5383,invoker_emp,invoker,74
374,5384,invoker_alacrity,invoker,74
375,5385,invoker_chaos_meteor,invoker,74
376,5386,invoker_sun_strike,invoker,74
377,5387,invoker_forge_spirit,invoker,74
379,5389,invoker_ice_wall,invoker,74
380,5390,invoker_deafening_blast,invoker,74
381,5391,obsidian_destroyer_arcane_orb,obsidian_destroyer,76
382,5392,obsidian_destroyer_astral_imprisonment,obsidian_destroyer,76
383,5393,obsidian_destroyer_essence_aura,obsidian_destroyer,76
384,5394,obsidian_destroyer_sanity_eclipse,obsidian_destroyer,76
385,5395,lycan_summon_wolves,lycan,77
386,5396,lycan_howl,lycan,77
387,5397,lycan_feral_impulse,lycan,77
388,5398,lycan_shapeshift,lycan,77
389,5399,lycan_summon_wolves_critical_strike,lycan,77
390,5400,brewmaster_thunder_clap,brewmaster,78
391,5401,brewmaster_drunken_haze,brewmaster,78
392,5402,brewmaster_drunken_brawler,brewmaster,78
393,5403,brewmaster_primal_split,brewmaster,78
394,5404,brewmaster_earth_hurl_boulder,brewmaster,78
395,5405,brewmaster_earth_spell_immunity,brewmaster,78
396,5406,brewmaster_earth_pulverize,brewmaster,78
397,5408,brewmaster_storm_dispel_magic,brewmaster,78
398,5409,brewmaster_storm_cyclone,brewmaster,78
399,5410,brewmaster_storm_wind_walk,brewmaster,78
400,5411,brewmaster_fire_permanent_immolation,brewmaster,78
401,5412,lone_druid_spirit_bear,lone_druid,80
402,5413,lone_druid_rabid,lone_druid,80
403,5414,lone_druid_savage_roar,lone_druid,80
404,5415,lone_druid_true_form,lone_druid,80
405,5416,lone_druid_true_form_druid,lone_druid,80
406,5417,lone_druid_true_form_battle_cry,lone_druid,80
407,5418,lone_druid_spirit_bear_return,lone_druid,80
408,5419,lone_druid_spirit_bear_entangle,lone_druid,80
409,5420,lone_druid_spirit_bear_demolish,lone_druid,80
410,5421,shadow_demon_disruption,shadow_shaman,27
411,5422,shadow_demon_soul_catcher,shadow_demon,79
412,5423,shadow_demon_shadow_poison,shadow_shaman,27
413,5424,shadow_demon_shadow_poison_release,shadow_demon,79
414,5425,shadow_demon_demonic_purge,shadow_shaman,27
415,5426,chaos_knight_chaos_bolt,shadow_demon,79
416,5427,chaos_knight_reality_rift,shadow_shaman,27
417,5428,chaos_knight_chaos_strike,shadow_demon,79
418,5429,chaos_knight_phantasm,shadow_shaman,27
419,5430,meepo_earthbind,shadow_demon,79
420,5431,meepo_poof,chaos_knight,81
421,5432,meepo_geostrike,chaos_knight,81
422,5433,meepo_divided_we_stand,chaos_knight,81
423,5434,treant_natures_guise,chaos_knight,81
424,5435,treant_leech_seed,meepo,82
425,5436,treant_living_armor,meepo,82
426,5437,treant_overgrowth,meepo,82
427,5438,ogre_magi_fireblast,meepo,82
428,5439,ogre_magi_ignite,treant,83
429,5440,ogre_magi_bloodlust,treant,83
430,5441,ogre_magi_multicast,treant,83
431,5442,undying_decay,treant,83
432,5443,undying_soul_rip,ogre_magi,84
433,5444,undying_tombstone,ogre_magi,84
434,5445,undying_tombstone_zombie_aura,ogre_magi,84
435,5446,undying_tombstone_zombie_deathstrike,ogre_magi,84
436,5447,undying_flesh_golem,undying,85
437,5448,rubick_telekinesis,undying,85
438,5449,rubick_telekinesis_land,undying,85
439,5450,rubick_fade_bolt,undying,85
440,5451,rubick_null_field,undying,85
441,5452,rubick_spell_steal,undying,85
442,5453,rubick_empty1,rubick,86
443,5454,rubick_empty2,rubick,86
444,5455,rubick_hidden1,rubick,86
445,5456,rubick_hidden2,rubick,86
446,5457,rubick_hidden3,rubick,86
447,5458,disruptor_thunder_strike,rubick,86
448,5459,disruptor_glimpse,rubick,86
449,5460,disruptor_kinetic_field,rubick,86
450,5461,disruptor_static_storm,rubick,86
451,5462,nyx_assassin_impale,rubick,86
452,5463,nyx_assassin_mana_burn,disruptor,87
453,5464,nyx_assassin_spiked_carapace,disruptor,87
454,5465,nyx_assassin_vendetta,disruptor,87
455,5466,ogre_magi_unrefined_fireblast,disruptor,87
456,5467,naga_siren_mirror_image,nyx_assassin,88
457,5468,naga_siren_ensnare,nyx_assassin,88
458,5469,naga_siren_rip_tide,nyx_assassin,88
459,5470,naga_siren_song_of_the_siren,nyx_assassin,88
460,5471,keeper_of_the_light_illuminate,ogre_magi,84
461,5472,keeper_of_the_light_mana_leak,naga_siren,89
462,5473,keeper_of_the_light_chakra_magic,naga_siren,89
463,5474,keeper_of_the_light_spirit_form,naga_siren,89
464,5475,keeper_of_the_light_recall,naga_siren,89
465,5476,keeper_of_the_light_blinding_light,keeper_of_the_light,90
466,5477,keeper_of_the_light_illuminate_end,keeper_of_the_light,90
467,5478,naga_siren_song_of_the_siren_cancel,keeper_of_the_light,90
468,5479,keeper_of_the_light_spirit_form_illuminate,keeper_of_the_light,90
469,5480,visage_grave_chill,keeper_of_the_light,90
470,5481,visage_soul_assumption,keeper_of_the_light,90
471,5482,visage_gravekeepers_cloak,keeper_of_the_light,90
472,5483,visage_summon_familiars,naga_siren,89
473,5484,visage_summon_familiars_stone_form,keeper_of_the_light,90
474,5485,wisp_tether,visage,92
475,5486,wisp_spirits,visage,92
476,5487,wisp_overcharge,visage,92
477,5488,wisp_relocate,visage,92
478,5489,wisp_tether_break,visage,92
479,5490,wisp_spirits_in,wisp,91
480,5491,forest_troll_high_priest_mana_aura,wisp,91
481,5492,courier_go_to_secretshop,wisp,91
482,5493,wisp_spirits_out,wisp,91
483,5494,slark_dark_pact,wisp,91
484,5495,slark_pounce,wisp,91
485,5496,slark_essence_shift,wisp,91
486,5497,slark_shadow_dance,slark,93
487,5498,wisp_empty1,slark,93
488,5499,wisp_empty2,slark,93
489,5500,lycan_summon_wolves_invisibility,slark,93
490,5501,keeper_of_the_light_empty1,wisp,91
491,5502,keeper_of_the_light_empty2,wisp,91
492,5503,keeper_of_the_light_spirit_form_illuminate_end,lycan,77
493,5504,medusa_split_shot,keeper_of_the_light,90
494,5505,medusa_mystic_snake,keeper_of_the_light,90
495,5506,medusa_mana_shield,keeper_of_the_light,90
496,5507,medusa_stone_gaze,medusa,94
497,5508,troll_warlord_berserkers_rage,medusa,94
498,5509,troll_warlord_whirling_axes_ranged,medusa,94
499,5510,troll_warlord_whirling_axes_melee,medusa,94
500,5511,troll_warlord_fervor,troll_warlord,95
501,5512,troll_warlord_battle_trance,troll_warlord,95
502,5514,centaur_hoof_stomp,troll_warlord,95
503,5515,centaur_double_edge,troll_warlord,95
504,5516,centaur_return,troll_warlord,95
505,5517,centaur_stampede,centaur,96
506,5518,magnataur_shockwave,centaur,96
507,5519,magnataur_empower,centaur,96
508,5520,magnataur_skewer,centaur,96
509,5521,magnataur_reverse_polarity,magnataur,97
510,5522,chen_test_of_faith_teleport,magnataur,97
511,5523,bane_nightmare_end,magnataur,97
512,5524,shredder_whirling_death,magnataur,97
513,5525,shredder_timber_chain,chen,66
514,5526,shredder_reactive_armor,bane,3
515,5527,shredder_chakram,shredder,98
516,5528,shredder_return_chakram,shredder,98
517,5529,greevil_magic_missile,shredder,98
518,5530,greevil_cold_snap,shredder,98
519,5531,greevil_decrepify,shredder,98
536,5548,bristleback_viscous_nasal_goo,bristleback,99
537,5549,bristleback_quill_spray,bristleback,99
538,5550,bristleback_bristleback,bristleback,99
539,5551,bristleback_warpath,bristleback,99
553,5565,tusk_ice_shards,tusk,100
554,5566,tusk_snowball,tusk,100
555,5567,tusk_frozen_sigil,tusk,100
556,5568,tusk_walrus_punch,tusk,100
568,5580,beastmaster_call_of_the_wild_boar,beastmaster,38
569,5581,skywrath_mage_arcane_bolt,skywrath_mage,101
570,5582,skywrath_mage_concussive_shot,skywrath_mage,101
571,5583,skywrath_mage_ancient_seal,skywrath_mage,101
572,5584,skywrath_mage_mystic_flare,skywrath_mage,101
573,5585,abaddon_death_coil,abaddon,102
574,5586,abaddon_aphotic_shield,abaddon,102
575,5587,abaddon_frostmourne,abaddon,102
576,5588,abaddon_borrowed_time,abaddon,102
577,5589,elder_titan_echo_stomp,elder_titan,103
578,5590,elder_titan_echo_stomp_spirit,elder_titan,103
579,5591,elder_titan_ancestral_spirit,elder_titan,103
580,5592,elder_titan_return_spirit,elder_titan,103
581,5593,elder_titan_natural_order,elder_titan,103
582,5594,elder_titan_earth_splitter,elder_titan,103
583,5595,legion_commander_overwhelming_odds,legion_commander,104
584,5596,legion_commander_press_the_attack,legion_commander,104
585,5597,legion_commander_moment_of_courage,legion_commander,104
586,5598,legion_commander_duel,legion_commander,104
587,5599,techies_land_mines,techies,105
588,5600,techies_stasis_trap,techies,105
589,5601,techies_suicide,techies,105
590,5602,techies_remote_mines,techies,105
591,5603,ember_spirit_searing_chains,ember_spirit,106
592,5604,ember_spirit_sleight_of_fist,ember_spirit,106
593,5605,ember_spirit_flame_guard,ember_spirit,106
594,5606,ember_spirit_fire_remnant,ember_spirit,106
595,5607,ember_spirit_activate_fire_remnant,ember_spirit,106
596,5608,earth_spirit_boulder_smash,earth_spirit,107
597,5609,earth_spirit_rolling_boulder,earth_spirit,107
598,5610,earth_spirit_geomagnetic_grip,earth_spirit,107
599,5611,earth_spirit_stone_caller,earth_spirit,107
600,5612,earth_spirit_magnetize,earth_spirit,107
601,5613,abyssal_underlord_firestorm,abyssal_underlord,108
602,5614,abyssal_underlord_pit_of_malice,abyssal_underlord,108
603,5615,abyssal_underlord_atrophy_aura,abyssal_underlord,108
604,5616,abyssal_underlord_dark_rift,abyssal_underlord,108
605,5617,abyssal_underlord_cancel_dark_rift,abyssal_underlord,108
607,5619,terrorblade_reflection,terrorblade,109
608,5620,terrorblade_conjure_image,terrorblade,109
609,5621,terrorblade_metamorphosis,terrorblade,109
610,5622,terrorblade_sunder,terrorblade,109
611,5623,phoenix_icarus_dive,phoenix,110
612,5624,phoenix_icarus_dive_stop,phoenix,110
613,5625,phoenix_fire_spirits,phoenix,110
614,5626,phoenix_sun_ray,phoenix,110
615,5627,phoenix_sun_ray_stop,phoenix,110
616,5628,phoenix_sun_ray_toggle_move,phoenix,110
617,5629,phoenix_sun_ray_toggle_move_empty,phoenix,110
618,5630,phoenix_supernova,phoenix,110
619,5631,phoenix_launch_fire_spirit,phoenix,110
620,5632,drow_ranger_wave_of_silence,drow_ranger,6
621,5635,techies_focused_detonate,techies,105
622,5636,techies_remote_mines_self_detonate,techies,105
623,5637,oracle_fortunes_end,oracle,111
624,5638,oracle_fates_edict,oracle,111
625,5639,oracle_purifying_flames,oracle,111
626,5640,oracle_false_promise,oracle,111
627,5641,tusk_launch_snowball,tusk,100
629,5643,broodmother_spin_web_destroy,broodmother,61
630,5644,techies_minefield_sign,techies,105
631,5645,shredder_chakram_2,shredder,98
632,5646,shredder_return_chakram_2,shredder,98
633,5648,earth_spirit_petrify,earth_spirit,107
634,5649,treant_eyes_in_the_forest,treant,83
636,5651,winter_wyvern_arctic_burn,winter_wyvern,112
637,5652,winter_wyvern_splinter_blast,winter_wyvern,112
638,5653,winter_wyvern_cold_embrace,winter_wyvern,112
639,5654,winter_wyvern_winters_curse,winter_wyvern,112
640,5655,life_stealer_control,life_stealer,54
642,5657,life_stealer_empty_1,life_stealer,54
643,5658,life_stealer_empty_2,life_stealer,54
644,5659,life_stealer_empty_3,life_stealer,54
645,5660,life_stealer_empty_4,life_stealer,54
651,5666,nyx_assassin_burrow,nyx_assassin,88
653,5668,tusk_ice_shards_stop,tusk,100
656,5671,life_stealer_assimilate,life_stealer,54
657,5672,tusk_walrus_kick,tusk,100
658,5673,nyx_assassin_unburrow,nyx_assassin,88
659,5674,morphling_hybrid,morphling,10
660,5675,life_stealer_assimilate_eject,life_stealer,54
662,5677,arc_warden_flux,arc_warden,113
663,5678,arc_warden_magnetic_field,arc_warden,113
664,5679,arc_warden_spark_wraith,arc_warden,113
668,5683,arc_warden_tempest_double,arc_warden,113
669,5684,obsidian_destroyer_mind_over_matter,obsidian_destroyer,76
670,5685,death_prophet_spirit_siphon,death_prophet,43
671,5686,ancient_golem_rockslide,ancient_apparition,68
672,5687,lone_druid_savage_roar_bear,lone_druid,80
675,5690,invoker_attribute_bonus,invoker,74
676,5691,faceless_void_time_dilation,faceless_void,41
